Workbook

Sheet MISC
A4: HashArray UDF
A5: 16 | B5: Hello | C5: World | D5: {=_xll.HashArray(B5:C5, A5)} -> btlCxRWOLKFSXMBX
A6: 16 | B6: Word | C6: Hello | D6: {=_xll.HashArray(B6:C6, A6)} -> 8xY8N3VsmMGrudb6
A7: 32 | B7: Hello | C7: World | D7: {=_xll.HashArray(B7:C7, A7)} -> btlCxRWOLKFSXMBXy2fhXc5iCyqKWIvR
A8: 32 | B8: Word | C8: Hello | D8: {=_xll.HashArray(B8:C8, A8)} -> 8xY8N3VsmMGrudb68jEc49FNXqMlTlBv
A9: Succeeded? | B9: =AND(D5=D6,D7=D8) -> FALSE
A11: SetThreads
A12: Desired Threads: | B12: 48 | C12: {=_xll.SetThreads(B12,TRUE)} -> Thread settings updated
A14: GetThreads
A15: {=_xll.GetThreads()} -> Current Thread Count | B15: 48
A16: Max Available | B16: 64
A17: Mode Enabled | B17: TRUE
A18: Succeeded? | B18: =B15=B12 -> TRUE
A20: IsMemberOf | D20: Hello | E20: World | F20: Goodbye | G20: Mars
A21: Test 1 | B21: {=_xll.IsMemberOf(D20:G20, D21:E21)} -> TRUE | D21: Mars | E21: World
A22: Test 2 | B22: {=_xll.IsMemberOf(D20:G20,D22:E22)} -> TRUE | D22: Goodbye | E22: Pluto
A23: Test 3 | B23: {=_xll.IsMemberOf(D20:G20,D23:E23)} -> FALSE | D23: Jupiter
A24: Succeeded? | B24: =AND(B21,B22,NOT(B23)) -> TRUE
A26: TrueSplit | C26: A,B,CC,DDDD,EFG,,45 | D26: {=_xll.TrueSplit(C26,",")} -> A | E26: B | F26: CC | G26: DDDD | H26: EFG | J26: 45
C27: =_xlfn.TEXTJOIN(",",FALSE,_xlfn.ANCHORARRAY(D26)) -> A,B,CC,DDDD,EFG,,45
C28: GF^jhgdh^dddgc^ddddd^^& | D28: {=_xll.TrueSplit(C28,"^")} -> GF | E28: jhgdh | F28: dddgc | G28: ddddd | I28: &
C29: =_xlfn.TEXTJOIN("^",FALSE,_xlfn.ANCHORARRAY(D28)) -> GF^jhgdh^dddgc^ddddd^^&
A31: Succeeded? | B31: =AND(C27=C26,C29=C28) -> TRUE
A33: FindPos | B33: String | C33: Lorem ipsum dolor sit amet, consectetur adipiscing elit, sed do eiusmod tempor incididunt ut labore et dolore magna aliqua.
A34: amet | B34: 1 | C34: {=_xll.FindPos($C$33,A34,B34)} -> 23 | D34: =MID($C$33,C34,LEN(A34)) -> amet
A35: or | B35: 1 | C35: {=_xll.FindPos($C$33,A35,B35)} -> 2 | D35: =MID($C$33,C35,LEN(A35)) -> or
A36: =A35 -> or | B36: 2 | C36: {=_xll.FindPos($C$33,A36,B36)} -> 16 | D36: =MID($C$33,C36,LEN(A36)) -> or
A37: =A35 -> or | B37: 3 | C37: {=_xll.FindPos($C$33,A37,B37)} -> 77 | D37: =MID($C$33,C37,LEN(A37)) -> or
A38: =A35 -> or | B38: 99 | C38: {=_xll.FindPos($C$33,A38,B38)} -> #VALUE! | D38: =MID($C$33,C38,LEN(A38)) -> #VALUE!
A40: Succeeded? | B40: =AND(A34=D34,A35=D35,A36=D36,A37=D37,ISERR(D38)) -> TRUE

Sheet AIML_UDF_Tests
A1: Excel-DNA ML/AI UDF Worksheet Test Harness
A2: Load dist/CustomExcelDnaUdfs.xll with the other dist files kept beside it, then recalculate. Each PASS cell compares the spill result with its expected matrix.
A3: UDF | B3: Actual spill anchor | F3: Expected values | J3: =COUNTIF(J:J,TRUE)&"/20 passed"
A5: VECTOR_DOT | B5: {=_xll.VECTOR_DOT(AIML_Test_Data!A2:A4,AIML_Test_Data!B2:B4)} -> 32 | F5: 32 | J5: =IFERROR(ABS(B5-F5)<0.00000001,FALSE) -> TRUE
A10: VECTOR_NORM | B10: {=_xll.VECTOR_NORM(AIML_Test_Data!C2:C3)} -> 5 | F10: 5 | J10: =IFERROR(ABS(B10-F10)<0.00000001,FALSE) -> TRUE
A15: VECTOR_NORMALIZE | B15: {=_xll.VECTOR_NORMALIZE(AIML_Test_Data!C2:C3)} -> 0.6 | F15: 0.6
B16: 0.8 | F16: 0.8
A20: VECTOR_COSINE_SIMILARITY | B20: {=_xll.VECTOR_COSINE_SIMILARITY(AIML_Test_Data!D2:D3,AIML_Test_Data!E2:E3)} -> 0 | F20: 0 | J20: =IFERROR(ABS(B20-F20)<0.00000001,FALSE) -> TRUE
A25: VECTOR_EUCLIDEAN_DISTANCE | B25: {=_xll.VECTOR_EUCLIDEAN_DISTANCE(AIML_Test_Data!F2:F3,AIML_Test_Data!G2:G3)} -> 5 | F25: 5 | J25: =IFERROR(ABS(B25-F25)<0.00000001,FALSE) -> TRUE
A30: VECTOR_MANHATTAN_DISTANCE | B30: {=_xll.VECTOR_MANHATTAN_DISTANCE(AIML_Test_Data!F2:F3,AIML_Test_Data!G2:G3)} -> 7 | F30: 7 | J30: =IFERROR(ABS(B30-F30)<0.00000001,FALSE) -> TRUE
A35: VECTOR_SOFTMAX | B35: {=_xll.VECTOR_SOFTMAX(AIML_Test_Data!H2:H3)} -> 0.5 | F35: 0.5
B36: 0.5 | F36: 0.5
A40: VECTOR_SIGMOID | B40: {=_xll.VECTOR_SIGMOID(AIML_Test_Data!H2:H2)} -> 0.5 | F40: 0.5 | J40: =IFERROR(ABS(B40-F40)<0.00000001,FALSE) -> TRUE
A45: VECTOR_RELU | B45: =VECTOR_RELU(AIML_Test_Data!I2:K2) -> #NAME? | F45: 0 | G45: 0 | H45: 3
A50: MATRIX_STANDARDIZE_COLUMNS | B50: {=_xll.MATRIX_STANDARDIZE_COLUMNS(AIML_Test_Data!L2:M4,FALSE)} -> -1.2247449 | C50: -1.2247449 | F50: -1.2247449 | G50: -1.2247449
B51: 0 | C51: 0 | F51: 0 | G51: 0
B52: 1.2247449 | C52: 1.2247449 | F52: 1.2247449 | G52: 1.2247449
A55: MATRIX_MINMAX_SCALE_COLUMNS | B55: {=_xll.MATRIX_MINMAX_SCALE_COLUMNS(AIML_Test_Data!L2:M4)} -> 0 | C55: 0 | F55: 0 | G55: 0
B56: 0.5 | C56: 0.5 | F56: 0.5 | G56: 0.5
B57: 1 | C57: 1 | F57: 1 | G57: 1
A60: MATRIX_PAIRWISE_DISTANCE | B60: {=_xll.MATRIX_PAIRWISE_DISTANCE(AIML_Test_Data!N2:O3,"euclidean")} -> 0 | C60: 5 | F60: 0 | G60: 5
B61: 5 | C61: 0 | F61: 5 | G61: 0
A65: MATRIX_COVARIANCE | B65: {=_xll.MATRIX_COVARIANCE(AIML_Test_Data!P2:Q4,TRUE)} -> 1 | C65: 2 | F65: 1 | G65: 2
B66: 2 | C66: 4 | F66: 2 | G66: 4
A70: MATRIX_ONE_HOT | B70: {=_xll.MATRIX_ONE_HOT(AIML_Test_Data!R2:R4)} -> 1 | C70: 0 | F70: 1 | G70: 0
B71: 0 | C71: 1 | F71: 0 | G71: 1
B72: 1 | C72: 0 | F72: 1 | G72: 0
A75: MATRIX_CONFUSION | B75: {=_xll.MATRIX_CONFUSION(AIML_Test_Data!R2:R4,AIML_Test_Data!S2:S4)} -> 1 | C75: 1 | F75: 1 | G75: 1
B76: 1 | C76: 0 | F76: 1 | G76: 0
A80: VECTOR_LOG_SOFTMAX | B80: {=_xll.VECTOR_LOG_SOFTMAX(AIML_Test_Data!H2:H3)} -> -0.69314718 | F80: -0.69314718
B81: -0.69314718 | F81: -0.69314718
A85: VECTOR_TOP_K | B85: {=_xll.VECTOR_TOP_K(AIML_Test_Data!T2:T4,2,TRUE)} -> 2 | C85: 30 | F85: 2 | G85: 30
B86: 3 | C86: 20 | F86: 3 | G86: 20
A90: MATRIX_LINEAR_PREDICT | B90: {=_xll.MATRIX_LINEAR_PREDICT(AIML_Test_Data!U2:V3,AIML_Test_Data!W2:X3,AIML_Test_Data!Y2:Z2)} -> 2 | C90: 5 | F90: 2 | G90: 5
B91: 4 | C91: 9 | F91: 4 | G91: 9
A95: MATRIX_CORRELATION | B95: {=_xll.MATRIX_CORRELATION(AIML_Test_Data!P2:Q4)} -> 1 | C95: 1 | F95: 1 | G95: 1
B96: 1 | C96: 1 | F96: 1 | G96: 1
A100: MATRIX_KMEANS_ASSIGN | B100: {=_xll.MATRIX_KMEANS_ASSIGN(AIML_Test_Data!AA2:AB4,AIML_Test_Data!AC2:AD3,"euclidean")} -> 1 | C100: 0 | F100: 1 | G100: 0
B101: 2 | C101: 1.4142136 | F101: 2 | G101: 1.4142136
B102: 1 | C102: 1.4142136 | F102: 1 | G102: 1.4142136

Sheet AIML_Test_Data
A1: Deterministic inputs used by AIML_UDF_Tests
A2: 1 | B2: 4 | C2: 3 | D2: 1 | E2: 0 | F2: 1 | G2: 4 | H2: 0 | I2: -2 | J2: 0 | K2: 3 | L2: 1 | M2: 10 | N2: 0 | O2: 0 | P2: 1 | Q2: 2 | R2: cat | S2: cat | T2: 10 | U2: 1 | V2: 2 | W2: 1 | X2: 0 | Y2: 1 | Z2: 1 | AA2: 0 | AB2: 0 | AC2: 0 | AD2: 0
A3: 2 | B3: 5 | C3: 4 | D3: 0 | E3: 1 | F3: 2 | G3: 6 | H3: 0 | L3: 2 | M3: 20 | N3: 3 | O3: 4 | P3: 2 | Q3: 4 | R3: dog | S3: cat | T3: 30 | U3: 3 | V3: 4 | W3: 0 | X3: 2 | AA3: 9 | AB3: 9 | AC3: 10 | AD3: 10
A4: 3 | B4: 6 | L4: 3 | M4: 30 | P4: 3 | Q4: 6 | R4: cat | S4: dog | T4: 20 | AA4: 1 | AB4: 1

Sheet LLM_UDF_Tests
A1: Excel-DNA OpenAI / Ollama UDF Worksheet Harness
A2: Configure LLM_Test_Data first. Network tests show PASS after a valid endpoint/model responds; LLM_JSON_VALUE is deterministic and works offline. Async calls may briefly display #GETTING_DATA.
A3: UDF | B3: Actual formula / spill anchor | G3: Expected / validation note | K3: =COUNTIF(K:K,"PASS")&"/6 passed"
A5: LLM_CHAT | B5: {=_xll.LLM_CHAT("Reply with exactly OK",LLM_Test_Data!B4,LLM_Test_Data!B3,LLM_Test_Data!B7,"Return only OK",0,8,LLM_Test_Data!B2)} -> #N/A | G5: Any nonempty response without LLM_ERROR | K5: =IFERROR(IF(AND(B5<>"",LEFT(B5,10)<>"LLM_ERROR:"),"PASS","FAIL"),"WAIT") -> WAIT
A10: LLM_CHAT_IMAGE | B10: {=_xll.LLM_CHAT_IMAGE("Describe this one-pixel image briefly",LLM_Test_Data!B9,LLM_Test_Data!B5,"image/png",LLM_Test_Data!B3,LLM_Test_Data!B7,"Be concise",0,24,LLM_Test_Data!B2)} -> LLM_ERROR: 404 Not Found: {"error":"model 'llava' not found"} | G10: Any nonempty vision response without LLM_ERROR | K10: =IFERROR(IF(AND(B10<>"",LEFT(B10,10)<>"LLM_ERROR:"),"PASS","FAIL"),"WAIT") -> FAIL
A15: LLM_EMBED | B15: {=_xll.LLM_EMBED("spreadsheet",LLM_Test_Data!B6,LLM_Test_Data!B3,LLM_Test_Data!B7,LLM_Test_Data!B2)} -> 0.052024513 | G15: Numeric vertical spill vector
B16: 0.062736325
B17: -0.17521682 | G17: Three embedding rows; one per input
A18: LLM_EMBED_BATCH | B18: -0.04033304 | C18: {=_xll.LLM_EMBED_BATCH(LLM_Test_Data!A13:A15,LLM_Test_Data!B6,LLM_Test_Data!B3,LLM_Test_Data!B7,LLM_Test_Data!B2)} -> 0.047403615 | D18: 0.011431239 | E18: -0.14393462 | F18: -0.036478184 | G18: 0.018121123 | H18: -0.03837772 | I18: -0.014611473 | J18: 0.0038663694 | K18: -0.09833017 | L18: -0.026709918 | M18: -0.0021885836 | N18: 0.03247126 | O18: 0.15390009 | P18: 0.0011762965 | Q18: -0.0029468571 | R18: 0.036799025 | S18: -0.07795615 | T18: -0.0378682 | U18: -0.03236945 | V18: 0.050257757 | W18: -0.004684894 | X18: 0.003980831 | Y18: -0.026276274 | Z18: -0.004287189 | AA18: 0.02492701 | AB18: -0.015725428 | AC18: -0.053155765 | AD18: -0.023679538 | AE18: 0.006010988 | AF18: 0.042951573 | AG18: 0.0046566 | AH18: 0.0063494174 | AI18: -0.0031909654 | AJ18: -0.07156078 | AK18: -0.063863136 | AL18: -0.008459037 | AM18: 0.05646138 | AN18: -0.01718049 | AO18: 0.009683538 | AP18: 0.04985539 | AQ18: -0.025161272 | AR18: -0.010122827 | AS18: -0.0057246243 | AT18: 0.0017510932 | AU18: 0.050122306 | AV18: 0.036120437 | AW18: 0.0014910786 | AX18: -0.0028418554 | AY18: 0.053367972 | AZ18: -0.005335635 | BA18: -0.020731466 | BB18: 0.009670169 | BC18: 0.06109173 | BD18: 0.05103155 | BE18: -0.024032278 | BF18: 0.007882331 | BG18: -0.034156304 | BH18: -0.018368509 | BI18: -0.00077710825 | BJ18: -0.014606186 | BK18: 0.14560513 | BL18: 0.005459104 | BM18: -0.041346464 | BN18: 0.059962258 | BO18: 0.026982488 | BP18: 0.012570045 | BQ18: -0.024206074 | BR18: 0.040387966 | BS18: -0.025176054 | BT18: -0.0035436563 | BU18: 0.038907852 | BV18: 0.020036723 | BW18: 0.03033927 | BX18: 0.04193799 | BY18: -0.032515746 | BZ18: -0.03505167 | CA18: -0.044584118 | CB18: -0.02183526 | CC18: -0.016602285 | CD18: 0.040945027 | CE18: 0.021563118 | CF18: 0.025579965 | CG18: 0.078955814 | CH18: -0.009793447 | CI18: 0.060078874 | CJ18: -0.020253487 | CK18: -0.08493277 | CL18: -0.05837661 | CM18: -0.03339681 | CN18: 0.09636107 | CO18: -0.020456882 | CP18: -0.002017214 | CQ18: 0.049557675 | CR18: 0.0004628688 | CS18: -0.06225131 | CT18: 0.0076485025 | CU18: 0.0021829475 | CV18: -0.024614036 | CW18: -0.05264643 | CX18: -0.019316837 | CY18: -0.0088172145 | CZ18: -0.02258154 | DA18: 0.017960027 | DB18: -0.03518904 | DC18: 0.041909292 | DD18: 0.034621045 | DE18: 0.021754581 | DF18: -0.02428535 | DG18: 0.013139216 | DH18: 0.04987065 | DI18: 0.03774478 | DJ18: 0.0788202 | DK18: -0.05586573 | DL18: 0.028261727 | DM18: -0.03804565 | DN18: -0.052951284 | DO18: 0.022075847 | DP18: -0.005889211 | DQ18: 0.029391741 | DR18: 0.02546111 | DS18: 0.017815234 | DT18: -0.042897165 | DU18: 0.005154685 | DV18: 0.030957885 | DW18: -0.0013516814 | DX18: 0.045654096 | DY18: -0.0054752748 | DZ18: 0.023219015 | EA18: 0.024757143 | EB18: -0.06977256 | EC18: -0.010148308 | ED18: 0.0016279641 | EE18: -0.008660081 | EF18: 0.031729117 | EG18: 0.04166508 | EH18: 0.055218462 | EI18: -0.02973976 | EJ18: -0.007915624 | EK18: 0.022557734 | EL18: 0.015446605 | EM18: -0.011673968 | EN18: 0.007320932 | EO18: 0.004534912 | EP18: -0.0074677463 | EQ18: 0.021448687 | ER18: -0.015570918 | ES18: 0.008484905 | ET18: 0.025248658 | EU18: 0.00054163113 | EV18: 0.034528222 | EW18: -0.006238706 | EX18: 0.043686893 | EY18: -0.03845122 | EZ18: -0.013559541 | FA18: 0.033593792 | FB18: 0.00752738 | FC18: -0.047538746 | FD18: -0.028250875 | FE18: 0.06420183 | FF18: -0.01591269 | FG18: 0.034145497 | FH18: -0.04062327 | FI18: -0.022997888 | FJ18: 0.039093435 | FK18: -0.019488947 | FL18: -0.067723125 | FM18: 0.05541882 | FN18: 0.08607744 | FO18: 0.037233103 | FP18: 0.043008093 | FQ18: -0.042732347 | FR18: -0.011492501 | FS18: 0.0033602533 | FT18: -0.035829544 | FU18: 0.029666714 | FV18: 0.016328363 | FW18: 0.029903086 | FX18: -0.019106522 | FY18: 0.07647573 | FZ18: -0.01791866 | GA18: 0.028021177 | GB18: -0.012762624 | GC18: 0.026988387 | GD18: -0.019383654 | GE18: 0.031013919 | GF18: -0.03435838 | GG18: -0.018353358 | GH18: 0.03977165 | GI18: -0.031264726 | GJ18: -0.05181251 | GK18: 0.005746937 | GL18: 0.01081492 | GM18: -0.072815515 | GN18: -0.041084353 | GO18: -0.008572125 | GP18: -0.031804323 | GQ18: 0.016891992 | GR18: -0.009066735 | GS18: 0.017515322 | GT18: -0.040897876 | GU18: -0.009694072 | GV18: -0.04532753 | GW18: -0.01881056 | GX18: 0.009711998 | GY18: -0.07542223 | GZ18: 0.02815256 | HA18: 0.020567937 | HB18: 0.015465745 | HC18: 0.019843573 | HD18: 0.032456707 | HE18: 0.027002323 | HF18: 0.013589358 | HG18: -0.012429116 | HH18: -0.01702654 | HI18: 0.020758746 | HJ18: -0.01703366 | HK18: -0.0176032 | HL18: -0.03434595 | HM18: 0.023531664 | HN18: 0.02574794 | HO18: 0.011517054 | HP18: -0.0037119978 | HQ18: 0.054278757 | HR18: -0.0037830225 | HS18: 0.027991945 | HT18: -0.009025477 | HU18: -0.027591119 | HV18: 0.0025136883 | HW18: -0.03910064 | HX18: 0.0024259828 | HY18: -0.054324374 | HZ18: -0.018780809 | IA18: 0.03857323 | IB18: -0.02056958 | IC18: 0.014055714 | ID18: -0.035758685 | IE18: -0.006647319 | IF18: 0.053643953 | IG18: 0.016737495 | IH18: 0.02858787 | II18: -0.0046941857 | IJ18: 0.0340203 | IK18: -0.036236774 | IL18: -0.009149978 | IM18: -0.04589997 | IN18: -0.028085092 | IO18: 0.011051357 | IP18: -0.02071514 | IQ18: 0.042134766 | IR18: 0.06771598 | IS18: 0.0020398372 | IT18: 0.005297185 | IU18: -0.0021571112 | IV18: 0.05352988 | IW18: 0.011767012 | IX18: -0.012873945 | IY18: -0.020987649 | IZ18: -0.054869074 | JA18: 0.020052837 | JB18: 0.021379301 | JC18: 0.036696978 | JD18: 0.010186664 | JE18: 0.07373287 | JF18: -0.012870847 | JG18: 0.048207454 | JH18: -0.043742854 | JI18: -0.010359638 | JJ18: 0.014876922 | JK18: -0.01587937 | JL18: 0.01926721 | JM18: 0.008161087 | JN18: -0.012907183 | JO18: 0.03808314 | JP18: -0.015025506 | JQ18: -0.0056506917 | JR18: 0.02879654 | JS18: -0.014453739 | JT18: -0.0036712794 | JU18: -0.010416199 | JV18: -0.0031165634 | JW18: -0.051338643 | JX18: -0.11383693 | JY18: -0.057819452 | JZ18: -0.008953458 | KA18: -0.037659746 | KB18: 0.059644163 | KC18: 0.0010360059 | KD18: -0.0038005814 | KE18: 0.03234663 | KF18: 0.009804659 | KG18: 0.032243222 | KH18: -0.003115121 | KI18: -0.014443433 | KJ18: -0.01672114 | KK18: -0.0026759047 | KL18: -0.024170745 | KM18: 0.091845416 | KN18: 0.062221073 | KO18: 0.03499076 | KP18: -0.03185101 | KQ18: 0.008733089 | KR18: 0.039778538 | KS18: 0.040410187 | KT18: -0.0052226107 | KU18: 0.0063529494 | KV18: 0.021906756 | KW18: 0.038556002 | KX18: -0.037175752 | KY18: 0.037649035 | KZ18: -0.021172669 | LA18: -0.024400521 | LB18: 0.014902959 | LC18: -0.02436513 | LD18: 0.031161698 | LE18: -0.023067802 | LF18: 0.0046816496 | LG18: -0.013626973 | LH18: 0.033213433 | LI18: 0.035288505 | LJ18: -0.021556513 | LK18: -0.009019281 | LL18: -0.05751503 | LM18: -0.03293364 | LN18: -0.065989055 | LO18: -0.015968103 | LP18: 0.0056508463 | LQ18: -0.011505868 | LR18: 0.0016587886 | LS18: -0.03086114 | LT18: -0.006883068 | LU18: 0.0061979536 | LV18: 0.013285634 | LW18: 0.026714955 | LX18: -0.020979865 | LY18: -0.034967035 | LZ18: -0.0182422 | MA18: 0.03470957 | MB18: -0.06349017 | MC18: -0.022210304 | MD18: 0.054258537 | ME18: 0.031909388 | MF18: -0.02201756 | MG18: 0.007347822 | MH18: -0.058196563 | MI18: -0.020804752 | MJ18: -0.0037820637 | MK18: -0.04346899 | ML18: -0.015785702 | MM18: 0.013255296 | MN18: 0.011511797 | MO18: -0.035752352 | MP18: -0.026794774 | MQ18: 0.015894823 | MR18: 0.022308704 | MS18: 0.048758075 | MT18: -0.02061122 | MU18: -0.0070107155 | MV18: -0.006161886 | MW18: 0.049842816 | MX18: 0.007105223 | MY18: 0.005813518 | MZ18: -0.004777215 | NA18: 0.0039853333 | NB18: 0.017261555 | NC18: -0.028892012 | ND18: -0.0057542636 | NE18: 0.060775504 | NF18: 0.06032457 | NG18: 0.05397491 | NH18: 0.005956725 | NI18: 0.028896151 | NJ18: 0.00023231309 | NK18: 0.042891458 | NL18: 0.050128084 | NM18: -0.0056481715 | NN18: 0.02771251 | NO18: -0.068501756 | NP18: -0.025123466 | NQ18: 0.016714389 | NR18: 0.048978228 | NS18: 0.012158462 | NT18: 0.011392293 | NU18: 0.022870293 | NV18: -0.027660735 | NW18: 0.034605306 | NX18: -0.027325794 | NY18: 0.03453791 | NZ18: -0.0048271497 | OA18: 0.020621508 | OB18: 0.02067996 | OC18: -0.036296587 | OD18: -0.009386868 | OE18: -0.056835398 | OF18: 0.040992614 | OG18: -0.023559751 | OH18: -0.019309137 | OI18: 0.0002657319 | OJ18: 0.08286968 | OK18: 0.03359678 | OL18: 0.021877393 | OM18: -0.02681831 | ON18: -0.043575134 | OO18: 0.0054175714 | OP18: -0.038665615 | OQ18: -0.003804299 | OR18: -0.019001994 | OS18: -0.040581573 | OT18: -0.0036731209 | OU18: 0.051097948 | OV18: -0.02645664 | OW18: 0.010162824 | OX18: 0.0030709167 | OY18: -0.05425212 | OZ18: -0.044017095 | PA18: 0.028120672 | PB18: -0.038642436 | PC18: 0.033187218 | PD18: 0.020082463 | PE18: -0.05107793 | PF18: 0.021000182 | PG18: 0.040100213 | PH18: 0.017631952 | PI18: -0.04775727 | PJ18: -0.015962783 | PK18: -0.031818077 | PL18: -0.015943421 | PM18: 0.03783095 | PN18: 0.03150606 | PO18: 0.0467283 | PP18: -0.05787377 | PQ18: 0.036680356 | PR18: 0.020833306 | PS18: 0.033192344 | PT18: 0.017064705 | PU18: -0.020624224 | PV18: 0.012761935 | PW18: 0.02448325 | PX18: -0.01695154 | PY18: 0.011529049 | PZ18: -0.030976858 | QA18: 0.003610488 | QB18: -0.08723673 | QC18: 0.0014541325 | QD18: -0.014437823 | QE18: 0.010927695 | QF18: 0.09072704 | QG18: 0.034144327 | QH18: -0.032789066 | QI18: -0.06109712 | QJ18: 0.059443794 | QK18: 0.014434315 | QL18: -0.041335933 | QM18: 0.010136201 | QN18: 0.012454088 | QO18: 0.1179395 | QP18: -0.021902716 | QQ18: -0.010303988 | QR18: 0.005665807 | QS18: 0.06965087 | QT18: 0.05841291 | QU18: 0.037700683 | QV18: 0.04974147 | QW18: -0.073200695 | QX18: -0.021304524 | QY18: -0.03221855 | QZ18: -0.0020833241 | RA18: 0.015732756 | RB18: -0.031144695 | RC18: 0.056398947 | RD18: 0.05447348 | RE18: -0.013473641 | RF18: -0.00069577683 | RG18: 0.061505154 | RH18: -0.017250575 | RI18: 0.013818597 | RJ18: 0.01870828 | RK18: -0.0055597043 | RL18: -0.007369963 | RM18: 0.013041076 | RN18: 0.03084579 | RO18: -0.011333683 | RP18: -0.01120515 | RQ18: 0.019813383 | RR18: -0.062060803 | RS18: 0.013990356 | RT18: 0.06424328 | RU18: 0.023544595 | RV18: -0.035231426 | RW18: -0.010599197 | RX18: -0.02788801 | RY18: 0.06172245 | RZ18: 0.003497434 | SA18: 0.027784143 | SB18: -0.01580148 | SC18: -0.068741135 | SD18: -0.053728513 | SE18: -0.054649904 | SF18: -0.0011528863 | SG18: 0.010262744 | SH18: -0.063781925 | SI18: 0.007675524 | SJ18: 0.055307586 | SK18: -0.012760593 | SL18: -0.008502658 | SM18: 0.025067776 | SN18: -0.037774205 | SO18: 0.038542274 | SP18: -0.07213412 | SQ18: -0.030111175 | SR18: 0.041965116 | SS18: -0.054907583 | ST18: 0.02879728 | SU18: 0.05358016 | SV18: 0.05389956 | SW18: 0.019359438 | SX18: -0.07278779 | SY18: 0.03613075 | SZ18: 0.0966147 | TA18: -0.056290545 | TB18: -0.022765694 | TC18: 0.032937307 | TD18: -0.03158554 | TE18: 0.019898135 | TF18: 0.017330963 | TG18: -0.021176491 | TH18: -0.026834756 | TI18: -0.019386496 | TJ18: -0.019987026 | TK18: 0.04004181 | TL18: -0.005589714 | TM18: 0.025263408 | TN18: -0.022208517 | TO18: -0.028955268 | TP18: -0.020568507 | TQ18: 0.004273175 | TR18: 0.00078836206 | TS18: 0.034810454 | TT18: -0.01534107 | TU18: 0.027795596 | TV18: 0.03622058 | TW18: 0.03643802 | TX18: -0.013997252 | TY18: -0.032196578 | TZ18: -0.06678374 | UA18: 0.02108747 | UB18: -0.030725578 | UC18: 0.029617896 | UD18: -0.0086272145 | UE18: 0.019705104 | UF18: -0.0688697 | UG18: 0.022205401 | UH18: -0.016499694 | UI18: 0.027493771 | UJ18: -0.022397842 | UK18: 0.004232966 | UL18: -0.017723672 | UM18: -0.01575316 | UN18: -0.033448443 | UO18: 0.006324127 | UP18: 0.016169988 | UQ18: -0.029616617 | UR18: 0.0055029015 | US18: 0.078028664 | UT18: 0.015807156 | UU18: -0.0027352087 | UV18: 0.02024001 | UW18: -0.002762612 | UX18: -0.04896001 | UY18: -0.005136036 | UZ18: 0.024461081 | VA18: 0.004072263 | VB18: -0.06926578 | VC18: 0.060818885 | VD18: 0.031941433 | VE18: 0.008606997 | VF18: -0.0036966598 | VG18: 0.05788586 | VH18: -0.012181354 | VI18: -0.0038136658 | VJ18: -0.05132435 | VK18: 0.08410101 | VL18: -0.022954369 | VM18: -0.03226711 | VN18: 0.003476916 | VO18: 0.05365065 | VP18: 0.008927285 | VQ18: -0.062451318 | VR18: 0.034499116 | VS18: 0.022586359 | VT18: -0.06485137 | VU18: -0.025315322 | VV18: 0.00858246 | VW18: 0.008175236 | VX18: -0.00787246 | VY18: -0.0023332739 | VZ18: 0.03189839 | WA18: -0.021315157 | WB18: 0.01429725 | WC18: 0.014074026 | WD18: -0.06005885 | WE18: 0.0042461036 | WF18: -0.011679985 | WG18: 0.009893629 | WH18: 0.005755626 | WI18: -0.04421153 | WJ18: 0.013597982 | WK18: 0.01748537 | WL18: 0.014520797 | WM18: 0.01741058 | WN18: 0.0014897281 | WO18: -0.008006019 | WP18: -0.00565696 | WQ18: -0.021349285 | WR18: 0.018074397 | WS18: 0.07213538 | WT18: -0.04995545 | WU18: 0.043948248 | WV18: -0.018534873 | WW18: -0.03854503 | WX18: -0.062757276 | WY18: -0.06993501 | WZ18: -0.047533073 | XA18: 0.005258527 | XB18: -0.04903414 | XC18: 0.040852755 | XD18: -0.010534052 | XE18: -0.025305478 | XF18: -0.0085887415 | XG18: 0.033518482 | XH18: 0.051746838 | XI18: -0.049770355 | XJ18: 0.06789978 | XK18: -0.018096479 | XL18: -0.0228507 | XM18: -0.06289462 | XN18: 0.005516978 | XO18: -0.026214657 | XP18: 0.014707683 | XQ18: 0.010010175 | XR18: 0.072683774 | XS18: 0.009689118 | XT18: -0.025129663 | XU18: -0.028142063 | XV18: -0.020260597 | XW18: 0.00036500502 | XX18: 0.014495411 | XY18: 0.023854362 | XZ18: 0.05031183 | YA18: 0.010189008 | YB18: -0.0027473453 | YC18: 0.060747948 | YD18: 0.045145717 | YE18: 0.01030109 | YF18: -0.013123798 | YG18: -0.025939727 | YH18: 0.020281935 | YI18: -0.0020872762 | YJ18: -0.025485786 | YK18: -0.010380822 | YL18: -0.031466924 | YM18: -0.053763438 | YN18: -0.040376857 | YO18: 0.023559064 | YP18: -0.028629903 | YQ18: 0.0504427 | YR18: 0.02705669 | YS18: -0.0011333678 | YT18: 0.011099834 | YU18: -0.060698926 | YV18: -0.09113545 | YW18: 0.002667524 | YX18: 0.0017642003 | YY18: 0.042365674 | YZ18: 0.015543284 | ZA18: 0.0061715953 | ZB18: 0.010681612 | ZC18: 0.025085323 | ZD18: -0.025941914 | ZE18: -0.031495392 | ZF18: -0.017073385 | ZG18: -0.039069455 | ZH18: 0.002195745 | ZI18: 0.039590247 | ZJ18: 0.0018465138 | ZK18: 0.00010089528 | ZL18: -0.03676906 | ZM18: 0.05438031 | ZN18: 0.006379802 | ZO18: 0.020859268 | ZP18: -0.051538177 | ZQ18: -0.013921081 | ZR18: -0.064235084 | ZS18: 0.011995858 | ZT18: -0.0034072448 | ZU18: 0.04193373 | ZV18: 0.012952225 | ZW18: -0.0012725862 | ZX18: 0.013606616 | ZY18: 0.04042472 | ZZ18: 0.03668694 | AAA18: 0.0006672974 | AAB18: 0.03409655 | AAC18: 0.007172075 | AAD18: 0.05921341 | AAE18: -0.036225975 | AAF18: -0.018533794 | AAG18: -0.015136186 | AAH18: -0.0072875516 | AAI18: -0.022489721 | AAJ18: -0.06613405 | AAK18: -0.031431537 | AAL18: 0.013262417 | AAM18: -0.014252706 | AAN18: 0.029999794 | AAO18: 0.045558274 | AAP18: 0.030610943 | AAQ18: -0.04447186 | AAR18: -0.05398256 | AAS18: -0.038575053 | AAT18: 0.025770223 | AAU18: 0.0018668808 | AAV18: 0.028250627 | AAW18: -0.06786336 | AAX18: -0.03925108 | AAY18: -0.009726497 | AAZ18: -0.051656824 | ABA18: 0.008647774 | ABB18: -0.01689124 | ABC18: -0.00073633966 | ABD18: 0.0047482043 | ABE18: 0.00063410914 | ABF18: 0.00046574988 | ABG18: -0.012905617 | ABH18: 0.037265833 | ABI18: -0.01071033 | ABJ18: -0.025638025 | ABK18: -0.054170083 | ABL18: -0.038385782 | ABM18: -0.054032262 | ABN18: -0.01954826 | ABO18: -0.04272776 | ABP18: -0.0079783425 | ABQ18: 0.010146732 | ABR18: -0.03347861 | ABS18: -0.008222784 | ABT18: 0.007879149 | ABU18: -0.06429821 | ABV18: 0.018307349 | ABW18: -0.020148918 | ABX18: -0.006420874 | ABY18: -0.020806853 | ABZ18: -0.06585479 | ACA18: -0.030888574 | ACB18: 0.024136242 | ACC18: -0.00094964623 | ACD18: 0.03614485 | ACE18: -0.03224916 | ACF18: 0.07048162 | ACG18: 0.095926575 | ACH18: 0.0072072297 | ACI18: 0.040588826 | ACJ18: -0.058248334 | ACK18: -0.043580435 | ACL18: 0.03784121 | ACM18: -0.0066254535 | ACN18: -0.0020221688 | ACO18: -0.055465348 | ACP18: 0.011212827
B19: -0.021668172 | C19: -0.0049053193 | D19: 0.04745523 | E19: -0.11703898 | F19: -0.045176253 | G19: 0.016752526 | H19: -0.09874506 | I19: 0.012356334 | J19: -0.0056694243 | K19: -0.06601476 | L19: 0.021387056 | M19: 0.025220318 | N19: -0.018184204 | O19: 0.10168617 | P19: 0.0036834714 | Q19: -0.043909095 | R19: -0.014836647 | S19: -0.019938942 | T19: -0.0011609182 | U19: -0.030932972 | V19: -0.046760138 | W19: 0.050012782 | X19: 0.02207471 | Y19: -0.0152291 | Z19: 0.034499817 | AA19: 0.053684395 | AB19: 0.009919746 | AC19: -0.05188325 | AD19: -0.0030440819 | AE19: 0.030535512 | AF19: 0.028799964 | AG19: -0.01602351 | AH19: -0.025550345 | AI19: 0.012107413 | AJ19: -0.009909584 | AK19: -0.062407847 | AL19: -0.05866733 | AM19: 0.018790174 | AN19: 0.0033771745 | AO19: -0.07726653 | AP19: 0.080507 | AQ19: 0.019518506 | AR19: 0.017080596 | AS19: 0.015479195 | AT19: -0.08892081 | AU19: 0.04296609 | AV19: -0.04317037 | AW19: 0.0068789683 | AX19: -0.0061863037 | AY19: 0.018465659 | AZ19: -0.045728162 | BA19: -0.02178598 | BB19: 0.00043916836 | BC19: 0.039080437 | BD19: 0.042098314 | BE19: 0.055474598 | BF19: 0.0027627328 | BG19: -0.0036239866 | BH19: -0.029907657 | BI19: -0.054472655 | BJ19: -0.025938971 | BK19: 0.057195615 | BL19: 0.09669729 | BM19: -0.04114848 | BN19: 0.08067822 | BO19: 0.048541337 | BP19: -0.003042568 | BQ19: -0.06277619 | BR19: -0.006376604 | BS19: -0.03287987 | BT19: -0.051708195 | BU19: 0.071021624 | BV19: 0.008294165 | BW19: 0.0018485251 | BX19: 0.03371356 | BY19: -0.05416705 | BZ19: -0.042687345 | CA19: -0.008798911 | CB19: 0.0076755276 | CC19: -0.010055967 | CD19: 0.044879086 | CE19: -0.019987244 | CF19: 0.006336495 | CG19: 0.05746845 | CH19: -0.0041021407 | CI19: 0.051886342 | CJ19: 0.011753193 | CK19: -0.003993735 | CL19: 0.008359546 | CM19: -0.015068219 | CN19: 0.048830688 | CO19: -0.029745063 | CP19: 0.013829118 | CQ19: 0.07047897 | CR19: 0.030404178 | CS19: -0.07543073 | CT19: 0.09166663 | CU19: 0.027301114 | CV19: -0.015539729 | CW19: -0.016148213 | CX19: -0.09777044 | CY19: -0.045589305 | CZ19: -0.008483486 | DA19: 0.039448835 | DB19: -0.037372135 | DC19: 0.081474505 | DD19: 0.021212269 | DE19: 0.007980918 | DF19: 0.001669774 | DG19: -0.04064916 | DH19: 0.00289714 | DI19: -0.014467939 | DJ19: 0.043253936 | DK19: -0.011318428 | DL19: -0.013700266 | DM19: 0.013709466 | DN19: 0.02703439 | DO19: 0.026879324 | DP19: 0.0044384124 | DQ19: 0.04660176 | DR19: 0.0764841 | DS19: 0.024041673 | DT19: -0.0026754772 | DU19: 0.015243936 | DV19: 0.0985097 | DW19: -0.03233607 | DX19: 0.021388713 | DY19: -0.02076717 | DZ19: -0.0055556395 | EA19: 0.022444507 | EB19: -0.01614875 | EC19: -0.029913263 | ED19: -0.016883744 | EE19: -0.052935082 | EF19: 0.061843168 | EG19: -0.009370786 | EH19: 0.03531674 | EI19: -0.062358793 | EJ19: -0.03225597 | EK19: 0.0036918593 | EL19: -0.0035552438 | EM19: 0.012379849 | EN19: -0.014306303 | EO19: 0.009908838 | EP19: -0.028682819 | EQ19: 0.024287969 | ER19: -0.037640117 | ES19: -0.03861272 | ET19: -0.03394704 | EU19: -0.00033256202 | EV19: -0.009925769 | EW19: -0.031431682 | EX19: 0.028359218 | EY19: -0.028028328 | EZ19: -0.00735325 | FA19: 0.01496652 | FB19: -0.021492597 | FC19: 0.0018024762 | FD19: 0.0050029485 | FE19: 0.020297285 | FF19: 0.026565176 | FG19: 0.051747236 | FH19: -0.016024465 | FI19: -0.056112655 | FJ19: 0.01610745 | FK19: 0.016771609 | FL19: -0.03544863 | FM19: 0.043645352 | FN19: 0.020187486 | FO19: -0.003423041 | FP19: 0.0080563715 | FQ19: -0.032530934 | FR19: -0.08841402 | FS19: 0.036712386 | FT19: -0.033496443 | FU19: 0.012848039 | FV19: 0.008136141 | FW19: 0.015679222 | FX19: -0.0053808554 | FY19: 0.017933521 | FZ19: 0.026457537 | GA19: 0.0055146134 | GB19: -0.06614314 | GC19: 0.062918015 | GD19: 0.023314241 | GE19: -0.021516755 | GF19: -0.0068680365 | GG19: -0.0019716616 | GH19: 0.006960554 | GI19: 0.008695131 | GJ19: 0.019907702 | GK19: -0.001685789 | GL19: 0.00091279345 | GM19: -0.00872366 | GN19: 0.0048069116 | GO19: -0.036267262 | GP19: -0.015064254 | GQ19: -0.016836653 | GR19: 0.013526421 | GS19: -0.021916477 | GT19: 0.013476294 | GU19: 0.0040920726 | GV19: 0.022043683 | GW19: -0.08222266 | GX19: -0.0009349107 | GY19: -0.087648116 | GZ19: 0.024839204 | HA19: 0.0709978 | HB19: 0.03553117 | HC19: -0.027040496 | HD19: 0.027480438 | HE19: 0.019159267 | HF19: 0.0216608 | HG19: 0.013952451 | HH19: 0.0063274237 | HI19: -0.0055233883 | HJ19: -0.009251822 | HK19: -0.024196742 | HL19: 0.004618818 | HM19: -0.03012889 | HN19: 0.027085844 | HO19: 0.030587941 | HP19: 0.031775545 | HQ19: -0.030396303 | HR19: 0.045069788 | HS19: 0.007960151 | HT19: -0.01857937 | HU19: -0.0035641263 | HV19: -0.036711477 | HW19: -0.010824165 | HX19: -0.01462324 | HY19: -0.02435228 | HZ19: -0.046249118 | IA19: 0.04942144 | IB19: -0.038614467 | IC19: -0.02117082 | ID19: -0.025617976 | IE19: 0.05243192 | IF19: 0.03195887 | IG19: 0.021870712 | IH19: 0.049028482 | II19: -0.00074133044 | IJ19: 0.0027418332 | IK19: -0.0029417726 | IL19: -0.015245642 | IM19: -0.011573679 | IN19: 0.010104797 | IO19: -8.3009e-05 | IP19: -0.027812475 | IQ19: 0.01475907 | IR19: 0.091008455 | IS19: -0.010714007 | IT19: 0.007354521 | IU19: -0.034060314 | IV19: -4.1239684e-05 | IW19: 0.022530416 | IX19: 0.020398531 | IY19: -0.008887366 | IZ19: -0.014312237 | JA19: 0.0582776 | JB19: -0.032553967 | JC19: 0.0007094949 | JD19: -0.022143297 | JE19: 0.045210823 | JF19: -0.014068595 | JG19: 0.029113894 | JH19: -0.015509789 | JI19: -0.0464587 | JJ19: -0.05420162 | JK19: -0.01860452 | JL19: -0.030299488 | JM19: 0.019498277 | JN19: -0.046583515 | JO19: 0.038177684 | JP19: -0.0039309687 | JQ19: 0.017044043 | JR19: 0.004531758 | JS19: -0.036114026 | JT19: -0.017663905 | JU19: -0.0074928897 | JV19: 0.016638285 | JW19: -0.053426314 | JX19: -0.0518866 | JY19: -0.009988128 | JZ19: 0.00918477 | KA19: -0.07577462 | KB19: 0.034824397 | KC19: -0.02449507 | KD19: 0.022725668 | KE19: 0.041827507 | KF19: -0.040360726 | KG19: 0.027085952 | KH19: 0.025273671 | KI19: 0.00011937616 | KJ19: 0.033293452 | KK19: 0.02750348 | KL19: 0.0318882 | KM19: 0.04310918 | KN19: -0.01755529 | KO19: -0.012350466 | KP19: 0.027462121 | KQ19: 0.038605746 | KR19: 0.06523692 | KS19: 0.0076181265 | KT19: 0.026923051 | KU19: 0.004045993 | KV19: -0.028981915 | KW19: 0.025192482 | KX19: -0.022455016 | KY19: 0.022115197 | KZ19: 0.032010216 | LA19: -0.037148062 | LB19: -0.035249256 | LC19: 0.01716092 | LD19: 0.004283488 | LE19: 0.031825777 | LF19: 0.11387306 | LG19: 0.05047346 | LH19: -0.030156042 | LI19: 0.04111066 | LJ19: -0.011586564 | LK19: -0.015841685 | LL19: -0.014428995 | LM19: 0.0015453581 | LN19: -0.097981974 | LO19: -0.021364015 | LP19: 0.009729908 | LQ19: -0.03315955 | LR19: 0.012416272 | LS19: 0.008699456 | LT19: 0.011305256 | LU19: -0.015075594 | LV19: -0.006449609 | LW19: 0.030051515 | LX19: -0.019594695 | LY19: -0.02348826 | LZ19: 0.044522736 | MA19: 0.02886325 | MB19: -0.031137567 | MC19: 0.029836005 | MD19: -0.014000254 | ME19: 0.070199385 | MF19: 0.00010409537 | MG19: 0.08473322 | MH19: -0.026110088 | MI19: 0.06845885 | MJ19: -0.0043001324 | MK19: -0.04799205 | ML19: -0.032618027 | MM19: 0.0060924925 | MN19: 0.053244747 | MO19: -0.052926317 | MP19: -0.039906047 | MQ19: -0.016292056 | MR19: -0.009365756 | MS19: 0.031883772 | MT19: -0.024817057 | MU19: 0.07537472 | MV19: -0.006257839 | MW19: 0.070777744 | MX19: -0.022716878 | MY19: -0.042954188 | MZ19: 0.0009540048 | NA19: -0.03164372 | NB19: -0.041196015 | NC19: 0.009526266 | ND19: 0.0236998 | NE19: 0.028685678 | NF19: -0.0027948592 | NG19: 0.046070438 | NH19: 0.07589028 | NI19: 0.0036316582 | NJ19: -0.02300443 | NK19: 0.0112372 | NL19: 0.06971831 | NM19: -0.03201794 | NN19: -0.004533776 | NO19: -0.07962462 | NP19: 0.015150839 | NQ19: 0.011412989 | NR19: 0.020329675 | NS19: -0.0028068353 | NT19: 0.002692292 | NU19: 0.028492622 | NV19: 0.054900516 | NW19: 0.04370043 | NX19: -0.0075185653 | NY19: -0.02489319 | NZ19: -0.03276488 | OA19: 0.017277017 | OB19: 0.02986877 | OC19: -0.06885154 | OD19: -0.01992254 | OE19: -0.054097954 | OF19: -0.0020068903 | OG19: -0.012261763 | OH19: -0.0197484 | OI19: -0.023117254 | OJ19: 0.08039662 | OK19: -0.009970473 | OL19: 0.003676783 | OM19: 0.0064895125 | ON19: -0.046697095 | OO19: 0.029641913 | OP19: 0.040166218 | OQ19: 0.00057884917 | OR19: 0.020579632 | OS19: -0.015412027 | OT19: 0.016218083 | OU19: 0.042625077 | OV19: 0.0032394456 | OW19: 0.0525954 | OX19: -0.010589298 | OY19: 0.00086819055 | OZ19: -0.02185392 | PA19: -0.028831752 | PB19: -0.011466061 | PC19: 0.07237825 | PD19: -0.05687623 | PE19: -0.06608708 | PF19: 0.033123333 | PG19: 0.012600577 | PH19: 0.016607283 | PI19: 0.016656317 | PJ19: 0.01604095 | PK19: -0.013434954 | PL19: -0.011608448 | PM19: -0.019364433 | PN19: 0.023472356 | PO19: 0.08034358 | PP19: -0.008699017 | PQ19: -0.027542375 | PR19: -0.020797046 | PS19: 0.010197643 | PT19: 0.011005837 | PU19: -0.0036103013 | PV19: 0.0075710467 | PW19: 0.02305746 | PX19: 0.051423114 | PY19: -0.009421386 | PZ19: 0.0048206085 | QA19: 0.015488344 | QB19: -0.056881703 | QC19: -0.04563229 | QD19: 0.0046763024 | QE19: -0.025529627 | QF19: 0.075368874 | QG19: 0.045437533 | QH19: -0.026744777 | QI19: -0.06171908 | QJ19: 0.00084004214 | QK19: 0.011521739 | QL19: 0.0059191203 | QM19: -0.005829599 | QN19: 0.017081251 | QO19: 0.091567166 | QP19: -0.0019304783 | QQ19: 0.016023617 | QR19: 0.013836123 | QS19: 0.017085323 | QT19: 0.04624171 | QU19: 0.02121543 | QV19: -0.015508005 | QW19: -0.03990401 | QX19: 0.0260348 | QY19: 0.0046073967 | QZ19: -0.031571303 | RA19: -0.004741803 | RB19: -0.0015715841 | RC19: 0.052371576 | RD19: 0.055936225 | RE19: -0.016479338 | RF19: -0.00727389 | RG19: 0.06350154 | RH19: -0.05261224 | RI19: -0.0057376614 | RJ19: 0.0041891905 | RK19: -0.016497906 | RL19: -0.065908134 | RM19: -0.015173894 | RN19: 0.0033622151 | RO19: -0.031426046 | RP19: 0.03425073 | RQ19: -0.01586654 | RR19: -0.0054446342 | RS19: 0.016443033 | RT19: 0.009655016 | RU19: 0.0251918 | RV19: -0.026154319 | RW19: -0.012447775 | RX19: 0.012899165 | RY19: 0.058938712 | RZ19: -0.013853624 | SA19: -0.0061905896 | SB19: -0.026766198 | SC19: -0.08689723 | SD19: -0.06664992 | SE19: 0.0059544803 | SF19: 0.023144688 | SG19: 0.026802931 | SH19: -0.010440808 | SI19: 0.039464857 | SJ19: 0.0382185 | SK19: 0.03551072 | SL19: 0.028282361 | SM19: 0.016235346 | SN19: -0.055285823 | SO19: 0.034200255 | SP19: -0.006820888 | SQ19: -0.041785013 | SR19: -0.024061123 | SS19: -0.0019490401 | ST19: 0.03659545 | SU19: -0.02054868 | SV19: 0.0697114 | SW19: 0.03406385 | SX19: -0.005919792 | SY19: 0.051680423 | SZ19: 0.060737897 | TA19: -0.03458523 | TB19: -0.000857061 | TC19: 0.022183347 | TD19: -0.010187036 | TE19: -0.010563886 | TF19: 0.008055088 | TG19: -0.07556953 | TH19: -0.014397519 | TI19: 0.053089954 | TJ19: -0.026330039 | TK19: 0.06740637 | TL19: 0.04387484 | TM19: 0.006924218 | TN19: -0.0350794 | TO19: 0.042217355 | TP19: 0.01539329 | TQ19: 0.033947557 | TR19: 0.011743226 | TS19: -0.012168232 | TT19: -0.030734021 | TU19: -0.01516106 | TV19: -0.011986642 | TW19: 0.025292438 | TX19: -0.029455675 | TY19: 0.0014097147 | TZ19: -0.0068245884 | UA19: -0.009770543 | UB19: -0.043987885 | UC19: -0.026763724 | UD19: -0.01729 | UE19: -0.034581084 | UF19: -0.05183654 | UG19: 0.026606942 | UH19: -0.06939273 | UI19: -0.013059665 | UJ19: -0.007497412 | UK19: 0.017339928 | UL19: -0.06825672 | UM19: -0.03562162 | UN19: -0.010499387 | UO19: 0.03488839 | UP19: 0.021305354 | UQ19: 0.06376371 | UR19: -0.029710626 | US19: 0.019067734 | UT19: 0.0640368 | UU19: 0.0026574503 | UV19: -0.006915131 | UW19: -0.0053069186 | UX19: -0.015124092 | UY19: 0.01246075 | UZ19: -0.008239382 | VA19: -0.016699431 | VB19: -0.046894323 | VC19: 0.026606157 | VD19: 0.023334906 | VE19: 0.014081483 | VF19: 0.012141404 | VG19: 0.015479009 | VH19: 0.00045486938 | VI19: -0.020185938 | VJ19: -0.05570811 | VK19: 0.036683824 | VL19: -0.02126675 | VM19: -0.0026755887 | VN19: 0.029168306 | VO19: 0.0019951835 | VP19: -0.019317837 | VQ19: 0.0015708992 | VR19: 0.009605112 | VS19: 0.0051737973 | VT19: -0.04833567 | VU19: -0.032730747 | VV19: -0.026406752 | VW19: 0.043040823 | VX19: -0.0071857115 | VY19: -0.019431649 | VZ19: 0.016870106 | WA19: 0.009380009 | WB19: 0.036638048 | WC19: -0.009867041 | WD19: -0.05860135 | WE19: 0.028617704 | WF19: -0.026766835 | WG19: 0.0527904 | WH19: -0.049367398 | WI19: 0.033236053 | WJ19: 0.002224908 | WK19: -0.030408364 | WL19: 0.005202564 | WM19: -0.024455018 | WN19: -0.023358501 | WO19: -0.0062445863 | WP19: -0.01032138 | WQ19: -0.014598287 | WR19: 0.0065745492 | WS19: 0.019631842 | WT19: -0.015214017 | WU19: 0.01950057 | WV19: -0.031861104 | WW19: -0.044512924 | WX19: -0.046879746 | WY19: 0.011945525 | WZ19: -0.06581771 | XA19: 0.04104993 | XB19: 0.0037783345 | XC19: 0.027097916 | XD19: -0.013022798 | XE19: -0.025466628 | XF19: 0.010497532 | XG19: 0.04133235 | XH19: 0.07642531 | XI19: -0.01112523 | XJ19: 0.06411273 | XK19: -0.012960951 | XL19: -0.061677974 | XM19: -0.0549129 | XN19: -0.018414993 | XO19: -0.031751394 | XP19: -0.03400353 | XQ19: -0.034185033 | XR19: 0.01737362 | XS19: -0.009683836 | XT19: -0.059718516 | XU19: -0.01398827 | XV19: -0.0030116048 | XW19: 0.036630593 | XX19: -0.054891665 | XY19: -0.015715996 | XZ19: -0.0048646485 | YA19: 0.06349229 | YB19: -0.04238199 | YC19: 0.0923047 | YD19: 0.08472948 | YE19: -0.010850264 | YF19: 0.0023462633 | YG19: -0.068646014 | YH19: -0.006336139 | YI19: 0.030861268 | YJ19: -0.07744727 | YK19: -0.0660994 | YL19: -0.01236655 | YM19: -0.016310234 | YN19: -0.009414315 | YO19: -7.1727914e-06 | YP19: 0.0035469278 | YQ19: 0.0046764696 | YR19: 0.036683347 | YS19: 0.0067615127 | YT19: -0.009292862 | YU19: -0.03108345 | YV19: -0.015183073 | YW19: 0.009625808 | YX19: 0.014495486 | YY19: 0.024621174 | YZ19: 0.02126843 | ZA19: 0.026760876 | ZB19: 0.05078028 | ZC19: 0.028253077 | ZD19: 0.015270368 | ZE19: -0.029523047 | ZF19: -0.050877128 | ZG19: 0.014139315 | ZH19: -0.050909624 | ZI19: 0.021536063 | ZJ19: 0.00984434 | ZK19: 0.005713011 | ZL19: -0.049467348 | ZM19: -0.061059996 | ZN19: 0.015375332 | ZO19: 0.01341703 | ZP19: 0.06346702 | ZQ19: -0.03362968 | ZR19: -0.08038774 | ZS19: 0.005302007 | ZT19: -0.035079103 | ZU19: -0.0071813515 | ZV19: -0.028950576 | ZW19: -0.019492129 | ZX19: -0.037628375 | ZY19: -0.038522836 | ZZ19: 0.045739993 | AAA19: 0.022347422 | AAB19: 0.016377624 | AAC19: -0.012185658 | AAD19: 0.06397591 | AAE19: -0.1238573 | AAF19: -0.06128432 | AAG19: 0.006762841 | AAH19: -0.02660224 | AAI19: 0.01981039 | AAJ19: -0.028783362 | AAK19: -0.014485422 | AAL19: 0.033040103 | AAM19: -0.01803629 | AAN19: -0.0042533055 | AAO19: 0.047674272 | AAP19: 0.04001325 | AAQ19: 0.0054214196 | AAR19: -0.039970905 | AAS19: -0.016961196 | AAT19: 0.028850682 | AAU19: -0.016477553 | AAV19: 0.03509648 | AAW19: -0.08922072 | AAX19: -0.07040093 | AAY19: -0.01245452 | AAZ19: -0.036044616 | ABA19: 0.041654028 | ABB19: -0.013159504 | ABC19: 0.033330843 | ABD19: 0.034428135 | ABE19: 0.027040502 | ABF19: -0.010450432 | ABG19: -0.00931116 | ABH19: 0.07129793 | ABI19: -0.0048282132 | ABJ19: 0.013676746 | ABK19: -0.03489854 | ABL19: -0.023503963 | ABM19: -0.03340349 | ABN19: 0.0030578435 | ABO19: -0.008319943 | ABP19: -0.023123203 | ABQ19: -0.0030004757 | ABR19: -0.026183918 | ABS19: -0.030428946 | ABT19: -0.0003596713 | ABU19: 0.0074980324 | ABV19: -0.04087217 | ABW19: 0.025821848 | ABX19: -0.038031265 | ABY19: 0.01248728 | ABZ19: -0.07623119 | ACA19: -0.016363049 | ACB19: 0.0031364579 | ACC19: -0.013742643 | ACD19: 0.029874008 | ACE19: -0.012506692 | ACF19: 0.022070736 | ACG19: 0.08269979 | ACH19: 0.066676736 | ACI19: 0.06580357 | ACJ19: 0.02288469 | ACK19: 0.03754607 | ACL19: 0.05680461 | ACM19: 0.0058187204 | ACN19: -0.009532763 | ACO19: -0.050832883 | ACP19: -0.017206045
B20: -0.034503654 | C20: -0.005405706 | D20: -0.011461694 | E20: -0.1755484 | F20: -0.023837684 | G20: 0.082023524 | H20: -0.020661162 | I20: 0.060076144 | J20: -0.0022146252 | K20: 0.009553459 | L20: -0.0059850607 | M20: 0.010438468 | N20: 0.054618757 | O20: 0.0597999 | P20: 0.026660224 | Q20: 0.02233346 | R20: -0.0059392033 | S20: -0.027220549 | T20: -0.026135623 | U20: -0.03488507 | V20: 0.02210456 | W20: 0.01287177 | X20: -0.059244342 | Y20: -0.09481523 | Z20: -0.021370139 | AA20: 0.06438008 | AB20: 0.05029086 | AC20: -0.000817845 | AD20: 0.033718202 | AE20: -0.039737366 | AF20: -0.0046645016 | AG20: 0.005991343 | AH20: 0.039587945 | AI20: 0.002625937 | AJ20: -0.018865708 | AK20: -0.07580982 | AL20: 0.0073962803 | AM20: 0.018781504 | AN20: -0.03648512 | AO20: -0.028802125 | AP20: 0.014688211 | AQ20: 0.01694911 | AR20: 0.019468812 | AS20: -0.010514335 | AT20: -0.022782445 | AU20: 0.07521428 | AV20: -0.017527474 | AW20: 0.041025553 | AX20: 0.030831238 | AY20: 0.04907826 | AZ20: -0.0045858547 | BA20: -0.023538226 | BB20: -0.036278434 | BC20: 0.012877446 | BD20: 0.06387929 | BE20: 0.0071597924 | BF20: -0.019452618 | BG20: 0.02935278 | BH20: 0.02426521 | BI20: 0.012815806 | BJ20: -0.027654005 | BK20: 0.009536735 | BL20: 0.033371054 | BM20: -0.0185995 | BN20: 0.10656554 | BO20: 0.0577648 | BP20: -0.0013728706 | BQ20: -0.029257437 | BR20: 0.037722733 | BS20: -0.013716297 | BT20: -0.01777783 | BU20: 0.027291926 | BV20: -0.00838718 | BW20: 0.027738918 | BX20: 0.0012712964 | BY20: -0.036574263 | BZ20: -0.005315887 | CA20: -0.0453234 | CB20: -0.044463713 | CC20: -0.0066274474 | CD20: 0.039064214 | CE20: 0.02592042 | CF20: -0.030345256 | CG20: -0.008495931 | CH20: -0.015526156 | CI20: 0.044531994 | CJ20: 0.00058043905 | CK20: -0.020902973 | CL20: -0.024617955 | CM20: -0.06663869 | CN20: 0.06519067 | CO20: 0.021728171 | CP20: 0.0007544229 | CQ20: 0.022357957 | CR20: 0.013036127 | CS20: -0.05628838 | CT20: 0.019176943 | CU20: 0.0062487656 | CV20: -0.031264313 | CW20: -0.0066601955 | CX20: -0.0657922 | CY20: -0.007241104 | CZ20: -0.023739856 | DA20: -0.03109326 | DB20: 0.004955437 | DC20: 0.040537927 | DD20: 0.009541398 | DE20: -0.039672773 | DF20: 0.06359602 | DG20: 0.022474285 | DH20: 0.002308493 | DI20: -0.010530679 | DJ20: -0.029474482 | DK20: -0.02685668 | DL20: -0.03199469 | DM20: 0.04724412 | DN20: 0.005756281 | DO20: 0.07100033 | DP20: -0.016538031 | DQ20: -0.03619409 | DR20: 0.014182505 | DS20: 0.00024314751 | DT20: -0.058226563 | DU20: -0.028380996 | DV20: -0.00018165357 | DW20: -0.03583807 | DX20: 0.007259751 | DY20: -0.026285619 | DZ20: 0.045876227 | EA20: -0.013008101 | EB20: -0.04172044 | EC20: -0.023194326 | ED20: -0.032777697 | EE20: -0.06284599 | EF20: -0.017624704 | EG20: -0.040604644 | EH20: -0.016623734 | EI20: -0.028698837 | EJ20: 0.008967562 | EK20: 0.051380698 | EL20: 0.04102195 | EM20: 0.054884054 | EN20: 0.037600115 | EO20: 0.032472245 | EP20: 0.017067106 | EQ20: 0.04758597 | ER20: -0.06934896 | ES20: 0.046031177 | ET20: 0.015400924 | EU20: 0.031544026 | EV20: -0.019694807 | EW20: -0.016926905 | EX20: -0.015560433 | EY20: -0.014499919 | EZ20: 0.014717351 | FA20: -0.018325577 | FB20: -0.055239685 | FC20: -0.031280246 | FD20: -0.00081055 | FE20: 0.023938224 | FF20: 0.047421474 | FG20: 0.016247652 | FH20: -0.010179706 | FI20: -0.018162506 | FJ20: 0.004515171 | FK20: -0.006135013 | FL20: -0.03411492 | FM20: 0.015279423 | FN20: 0.019513257 | FO20: 0.062729 | FP20: 0.0037959868 | FQ20: -0.0839766 | FR20: -0.021373205 | FS20: 0.03433554 | FT20: -0.035251446 | FU20: 0.034648303 | FV20: 0.0059662117 | FW20: -0.02692948 | FX20: -0.008422729 | FY20: 0.048785802 | FZ20: -0.031260766 | GA20: -0.0071896533 | GB20: -0.052993707 | GC20: 0.070079036 | GD20: 0.09208567 | GE20: 0.029405994 | GF20: 0.023333164 | GG20: 0.029761953 | GH20: -0.01676386 | GI20: -0.008593216 | GJ20: -0.06257807 | GK20: 0.01107753 | GL20: -0.0048128827 | GM20: -0.024596164 | GN20: -0.016756633 | GO20: 0.01880992 | GP20: 0.004721198 | GQ20: 0.07354094 | GR20: -0.04523341 | GS20: 0.03715028 | GT20: -0.0060874815 | GU20: 0.0022492618 | GV20: 0.002415031 | GW20: 0.03686308 | GX20: -0.008825266 | GY20: -0.024654271 | GZ20: 0.019229863 | HA20: 0.017633049 | HB20: -0.010324532 | HC20: -0.034074817 | HD20: -0.009461904 | HE20: 0.020535178 | HF20: -0.006369093 | HG20: -0.0307278 | HH20: -0.015319552 | HI20: 0.009199673 | HJ20: -0.016734475 | HK20: -0.012912172 | HL20: -0.0374655 | HM20: 0.02363397 | HN20: 0.057234634 | HO20: -0.0024387126 | HP20: -0.02462021 | HQ20: -0.014870083 | HR20: -0.04330808 | HS20: -0.00052312505 | HT20: -0.049792007 | HU20: -0.061103817 | HV20: -0.043111835 | HW20: -0.022203851 | HX20: -0.012987756 | HY20: -0.029095478 | HZ20: -0.059419088 | IA20: 0.03778013 | IB20: -0.012760289 | IC20: -0.028047886 | ID20: -0.0059238514 | IE20: 0.008325791 | IF20: -0.00097309856 | IG20: 0.0011007362 | IH20: -0.012698086 | II20: -0.010729085 | IJ20: 0.021393431 | IK20: 0.027745234 | IL20: -0.019012757 | IM20: -0.09373656 | IN20: -0.026844284 | IO20: -0.010237591 | IP20: 0.01030683 | IQ20: 0.007880947 | IR20: -0.025302049 | IS20: -0.0070277257 | IT20: 0.03641846 | IU20: 0.017805545 | IV20: 0.004939417 | IW20: 0.06724659 | IX20: -0.02606716 | IY20: -0.024289016 | IZ20: 0.008252972 | JA20: 0.057480376 | JB20: -0.01276301 | JC20: 0.004848515 | JD20: -0.025373816 | JE20: 0.066365644 | JF20: -0.050931126 | JG20: 0.016100615 | JH20: -0.034441456 | JI20: -0.005801846 | JJ20: -0.03301786 | JK20: 0.015313972 | JL20: -0.047096368 | JM20: 0.03583332 | JN20: 0.056170177 | JO20: 0.036546905 | JP20: 0.09438402 | JQ20: -0.012757583 | JR20: 0.004916543 | JS20: 0.015211692 | JT20: -0.0023175224 | JU20: 0.018610088 | JV20: -0.004468695 | JW20: -0.0080661345 | JX20: -0.012167084 | JY20: -0.01552632 | JZ20: 0.012772603 | KA20: 0.008283523 | KB20: 0.051615804 | KC20: 0.024733543 | KD20: -0.019176982 | KE20: -0.0024454307 | KF20: 0.025858771 | KG20: 0.0061440724 | KH20: 0.011090476 | KI20: -0.023783343 | KJ20: 0.059829358 | KK20: -0.03587594 | KL20: 0.014206573 | KM20: 0.05750029 | KN20: -0.05903508 | KO20: 0.003966751 | KP20: -0.053159837 | KQ20: -0.02505526 | KR20: -0.030714097 | KS20: 0.038886227 | KT20: 0.015926084 | KU20: -0.033288665 | KV20: 0.0044630403 | KW20: 0.056587406 | KX20: 0.016219463 | KY20: 0.09476265 | KZ20: 0.00983722 | LA20: -0.041914284 | LB20: 0.022044372 | LC20: 0.023771849 | LD20: -0.039205547 | LE20: -0.019541465 | LF20: 0.05007577 | LG20: 0.019995227 | LH20: 0.030965902 | LI20: 0.0006525163 | LJ20: -0.006351924 | LK20: 0.036841277 | LL20: -0.044749826 | LM20: -0.03808442 | LN20: -0.022798195 | LO20: 0.021952525 | LP20: 0.041515373 | LQ20: -0.016539594 | LR20: 0.033061452 | LS20: 0.04562782 | LT20: -0.022841627 | LU20: -0.04342685 | LV20: -0.025942571 | LW20: 0.024240788 | LX20: -0.072222546 | LY20: 0.0030335183 | LZ20: -0.0032643154 | MA20: -0.019317342 | MB20: -0.020234175 | MC20: 0.015361096 | MD20: 0.07293634 | ME20: -0.00072631123 | MF20: 0.028039059 | MG20: 0.0060775112 | MH20: -0.033358827 | MI20: 0.0045049875 | MJ20: 0.027559327 | MK20: -0.023104489 | ML20: -0.026389001 | MM20: -0.003473576 | MN20: 0.029791946 | MO20: 0.0068324967 | MP20: -0.020204535 | MQ20: 0.028314892 | MR20: 0.002264468 | MS20: 0.035782274 | MT20: -0.030180505 | MU20: -0.011535289 | MV20: 0.053334452 | MW20: 0.005272465 | MX20: 0.011661641 | MY20: 0.025566319 | MZ20: 0.031907678 | NA20: -0.0018994819 | NB20: -0.019273618 | NC20: -0.016758036 | ND20: 0.026062151 | NE20: 0.033770707 | NF20: -0.0017349909 | NG20: 0.022448352 | NH20: 0.0065570325 | NI20: 0.027489392 | NJ20: -0.04380514 | NK20: -0.0038605663 | NL20: 0.0057642227 | NM20: 0.05151081 | NN20: -0.02681017 | NO20: -0.019915761 | NP20: -0.05602386 | NQ20: -0.012451438 | NR20: 0.067482084 | NS20: 0.034026515 | NT20: -0.032271326 | NU20: 0.039855335 | NV20: 0.005239129 | NW20: 0.038971636 | NX20: -0.0069955755 | NY20: 0.01959378 | NZ20: -0.06880993 | OA20: 0.014842786 | OB20: -0.018306252 | OC20: -0.018118063 | OD20: -0.08230238 | OE20: 0.008786527 | OF20: 0.05978103 | OG20: 0.013682894 | OH20: -0.017008295 | OI20: 0.048750855 | OJ20: -0.02066687 | OK20: 0.047445934 | OL20: 0.045627166 | OM20: -0.012119167 | ON20: -0.038644996 | OO20: 0.00017986572 | OP20: -0.017549153 | OQ20: -0.029076712 | OR20: 0.026478367 | OS20: -0.040763468 | OT20: -0.052545935 | OU20: 0.014497782 | OV20: -0.040153965 | OW20: 0.009628261 | OX20: 0.00048055593 | OY20: 0.012861873 | OZ20: -0.035610106 | PA20: 0.041107614 | PB20: 0.0011348218 | PC20: 0.07627279 | PD20: -0.030282667 | PE20: 0.0051416703 | PF20: -0.011648504 | PG20: 0.0042542103 | PH20: 0.012785282 | PI20: 0.0025243524 | PJ20: 0.014690915 | PK20: 0.043960612 | PL20: 0.046174973 | PM20: -0.019544143 | PN20: 0.025927853 | PO20: 0.031217622 | PP20: -0.048795138 | PQ20: 0.06644425 | PR20: 0.0071816645 | PS20: 0.051613864 | PT20: 0.022918351 | PU20: -0.05033964 | PV20: 0.021152427 | PW20: 0.001545074 | PX20: 0.00067722594 | PY20: -0.040181775 | PZ20: 0.039101493 | QA20: 0.0037989519 | QB20: -0.039096884 | QC20: -0.013605981 | QD20: -0.011572716 | QE20: 0.028550513 | QF20: 0.13954882 | QG20: 0.040011756 | QH20: -0.016222103 | QI20: -0.053141963 | QJ20: 0.009033682 | QK20: 0.0062312656 | QL20: -0.02695704 | QM20: -0.02360323 | QN20: 0.010816917 | QO20: 0.030059407 | QP20: -0.0010540752 | QQ20: 0.07584794 | QR20: -0.0050982535 | QS20: 0.002514291 | QT20: 0.07469463 | QU20: -0.009075783 | QV20: -0.02138258 | QW20: -0.058303066 | QX20: -0.0064277207 | QY20: 0.009426234 | QZ20: 0.0066869813 | RA20: 0.04619089 | RB20: -0.013097455 | RC20: 0.06908655 | RD20: 0.04893175 | RE20: -0.045350317 | RF20: 0.029326882 | RG20: 0.059786033 | RH20: -0.048827484 | RI20: -0.035485547 | RJ20: 0.0059407065 | RK20: 0.011705849 | RL20: 0.0040131 | RM20: 0.04719142 | RN20: 0.060778115 | RO20: 0.02323055 | RP20: -0.020212416 | RQ20: -0.029953765 | RR20: -0.048607405 | RS20: -0.0017204438 | RT20: 0.012220804 | RU20: 0.07900019 | RV20: 0.008906138 | RW20: 0.008230539 | RX20: -0.024057658 | RY20: 0.02121493 | RZ20: 0.040214527 | SA20: -0.024822269 | SB20: -0.042406846 | SC20: -0.048584823 | SD20: -0.00119389 | SE20: -0.11595477 | SF20: 0.03995949 | SG20: 0.023546258 | SH20: -0.04256594 | SI20: 0.020728657 | SJ20: 0.025886247 | SK20: -0.021718787 | SL20: 0.023580298 | SM20: -0.041045114 | SN20: -0.033457745 | SO20: -0.0014889746 | SP20: -0.08430461 | SQ20: 0.0052510933 | SR20: 0.015088189 | SS20: -0.036615092 | ST20: -0.00026453388 | SU20: 0.07189621 | SV20: 0.07005224 | SW20: 0.015110844 | SX20: -0.011184635 | SY20: -0.01134144 | SZ20: 0.0077058366 | TA20: -0.058753397 | TB20: 0.072666004 | TC20: 0.02104837 | TD20: 0.017226964 | TE20: 0.021634305 | TF20: -0.07750672 | TG20: -0.051223256 | TH20: 0.0366704 | TI20: -0.03359326 | TJ20: -0.00086842594 | TK20: 0.041780513 | TL20: -0.043948457 | TM20: 0.029451288 | TN20: 0.060286425 | TO20: -0.04193156 | TP20: -0.050430022 | TQ20: 0.035879236 | TR20: -0.0373901 | TS20: -0.017316604 | TT20: 0.051307593 | TU20: 0.027874533 | TV20: 0.031261962 | TW20: -0.03738891 | TX20: -0.009701312 | TY20: -0.030528156 | TZ20: -0.0459861 | UA20: 0.012653599 | UB20: 0.012247888 | UC20: -0.07216908 | UD20: 0.0016059178 | UE20: -0.028054345 | UF20: 0.02362421 | UG20: 0.058712374 | UH20: -0.019181743 | UI20: -0.0065739434 | UJ20: -0.0021763914 | UK20: 0.04256764 | UL20: -0.033543628 | UM20: 0.007215689 | UN20: -0.03400645 | UO20: 0.0379471 | UP20: -0.028119434 | UQ20: 0.0007667709 | UR20: 0.007042459 | US20: 0.04786681 | UT20: 0.03951969 | UU20: 0.051880352 | UV20: -0.020235807 | UW20: -0.044411756 | UX20: 0.0065124366 | UY20: -0.00733958 | UZ20: -0.022581788 | VA20: 0.026845096 | VB20: -0.013192279 | VC20: -0.012608997 | VD20: -0.01948168 | VE20: -0.028859328 | VF20: -0.020064391 | VG20: 0.052135028 | VH20: -0.041698102 | VI20: -0.049778983 | VJ20: 0.007145369 | VK20: 0.012413592 | VL20: -0.058722857 | VM20: 0.044680525 | VN20: 0.085334085 | VO20: 0.003576646 | VP20: -0.0065002977 | VQ20: -0.01950165 | VR20: 0.009664161 | VS20: 0.030672899 | VT20: -0.024333747 | VU20: -0.008996288 | VV20: 0.02362789 | VW20: 0.049800705 | VX20: 0.034845274 | VY20: -0.004589959 | VZ20: 0.037351087 | WA20: -0.03492055 | WB20: -0.022503559 | WC20: -0.018275622 | WD20: -0.01974301 | WE20: -0.033808433 | WF20: 0.004433143 | WG20: 0.022207163 | WH20: -0.03631706 | WI20: 0.04479727 | WJ20: 0.006675918 | WK20: -0.0039662234 | WL20: 0.007666384 | WM20: -0.022897545 | WN20: -0.03170857 | WO20: 0.018523358 | WP20: 0.02105661 | WQ20: 0.006967257 | WR20: 0.022280175 | WS20: 0.076030694 | WT20: 0.006755232 | WU20: 0.06707034 | WV20: -0.044630684 | WW20: -0.0002319877 | WX20: -0.08184731 | WY20: -0.03925617 | WZ20: -0.05831661 | XA20: 0.03272925 | XB20: -0.05619404 | XC20: 0.04107867 | XD20: 0.013947651 | XE20: -0.029111933 | XF20: -0.05176416 | XG20: -0.025800943 | XH20: 0.07806216 | XI20: -0.025817871 | XJ20: 0.049724363 | XK20: -0.036623474 | XL20: -0.03212468 | XM20: -0.038841527 | XN20: 0.0077655287 | XO20: 0.016300816 | XP20: 0.0076641664 | XQ20: -0.021689683 | XR20: -0.011680169 | XS20: 0.06281475 | XT20: 0.0038471709 | XU20: -0.054495785 | XV20: 0.023341227 | XW20: -0.038578417 | XX20: -0.041466795 | XY20: 0.073980905 | XZ20: 0.06138522 | YA20: 0.042406414 | YB20: 0.031296015 | YC20: 0.00679834 | YD20: 0.07948821 | YE20: 0.036368996 | YF20: -0.0040550367 | YG20: 0.0034719866 | YH20: -0.01989051 | YI20: 0.00116444 | YJ20: 0.031363312 | YK20: -0.035467315 | YL20: 0.011881336 | YM20: -0.025254495 | YN20: 0.01948114 | YO20: -0.0297391 | YP20: 0.044372212 | YQ20: 0.018617868 | YR20: -0.03081491 | YS20: -0.017609544 | YT20: 0.03687244 | YU20: -0.018216774 | YV20: -0.075145654 | YW20: 0.04741621 | YX20: 0.032942012 | YY20: 0.03542397 | YZ20: -0.0352667 | ZA20: -0.017758455 | ZB20: 0.019709473 | ZC20: 0.018330675 | ZD20: 0.019037073 | ZE20: -0.01899466 | ZF20: 0.023370517 | ZG20: -0.034282714 | ZH20: -0.040526394 | ZI20: 0.04527711 | ZJ20: 0.0185717 | ZK20: -0.013514839 | ZL20: -0.03711821 | ZM20: -0.016931014 | ZN20: -0.036362417 | ZO20: 0.05160963 | ZP20: -0.06066477 | ZQ20: -0.06672049 | ZR20: -0.10543849 | ZS20: -0.035861183 | ZT20: -0.060873393 | ZU20: -0.02405689 | ZV20: 0.062304065 | ZW20: -0.009933264 | ZX20: 0.026666678 | ZY20: -0.06717056 | ZZ20: 0.015977692 | AAA20: -0.007034821 | AAB20: 0.06896664 | AAC20: 0.052936934 | AAD20: 0.010106041 | AAE20: 0.043926947 | AAF20: -0.0038295581 | AAG20: -0.06258854 | AAH20: -0.017609544 | AAI20: -0.005207888 | AAJ20: 0.00440563 | AAK20: -0.0022498593 | AAL20: -0.014132207 | AAM20: -0.039793253 | AAN20: 0.06300292 | AAO20: -0.010085533 | AAP20: 0.00310309 | AAQ20: -0.005813552 | AAR20: -0.0052032215 | AAS20: -0.0029206467 | AAT20: 0.029197294 | AAU20: 0.026736066 | AAV20: 0.019560995 | AAW20: -0.050588906 | AAX20: -0.0019158137 | AAY20: -0.02241077 | AAZ20: -0.013559171 | ABA20: -0.026181793 | ABB20: -0.03759101 | ABC20: 0.03826517 | ABD20: 0.011059586 | ABE20: -0.012028425 | ABF20: -0.020488886 | ABG20: -0.07476508 | ABH20: 0.03217202 | ABI20: -0.0050176666 | ABJ20: 0.015500499 | ABK20: 0.011430416 | ABL20: 0.005629778 | ABM20: -0.026270362 | ABN20: -0.07052292 | ABO20: -0.019333385 | ABP20: -0.045814168 | ABQ20: -0.014043768 | ABR20: 0.068708755 | ABS20: -0.026243621 | ABT20: -0.023636987 | ABU20: -0.038685676 | ABV20: 0.016399872 | ABW20: -0.029018328 | ABX20: -0.032450657 | ABY20: -0.007189825 | ABZ20: -0.0473176 | ACA20: -0.075384155 | ACB20: 0.01416398 | ACC20: 0.017434265 | ACD20: 0.01124478 | ACE20: 0.04339384 | ACF20: 0.008920062 | ACG20: 0.019119944 | ACH20: 0.0015953181 | ACI20: -0.0056392425 | ACJ20: -0.008163367 | ACK20: 0.040319655 | ACL20: -0.039375722 | ACM20: -0.02056498 | ACN20: -0.00081966183 | ACO20: -0.028057823 | ACP20: -0.00010731618
B21: 0.012246247
A22: LLM_LIST_MODELS | B22: -0.011281093 | C22: {=_xll.LLM_LIST_MODELS(LLM_Test_Data!B3,LLM_Test_Data!B7,LLM_Test_Data!B2)} -> xploiter/pentester:latest | G22: At least one model identifier
B23: -0.044472337 | C23: llama3.2:latest
B24: -0.04427333 | C24: deepseek-r1:8b
B25: -0.0035754014 | C25: qwen3:8b
B26: 0.018536218 | C26: claude-coder-64k:latest
B27: 0.083915815 | C27: rafw007/qwen35-claude-coder:4b
B28: -0.0036567163 | C28: qwen2.5-coder:7b
B29: 0.05467214 | C29: gemma4:latest
B30: 0.032192543 | C30: artifish/llama3.2-uncensored:latest
B31: -0.07820251 | C31: nomic-embed-text:latest
B32: -0.03172271 | C32: llama3:8b
B33: 0.00344576 | C33: qwen3-embedding:8b
B34: 0.06951303
B35: -0.013305644
A36: LLM_JSON_VALUE | B36: -0.05571451 | C36: {=_xll.LLM_JSON_VALUE(LLM_Test_Data!B8,"choices[0].message.content")} -> hello | G36: hello | K36: =IFERROR(IF(C36=G36,"PASS","FAIL"),"FAIL") -> PASS
B37: -0.049285684
B38: -0.01235033
B39: 0.06524961
B40: 0.0054781684
B41: 0.0028418032
B42: 0.007925399
B43: -0.06477708
B44: 0.014286325
B45: -0.02979531
B46: 0.053936858
B47: -0.017053729
B48: -0.038992528
... B782: -0.009914734

Sheet LLM_Test_Data
A1: Setting | B1: Value
A2: Provider | B2: ollama
A3: Base URL | B3: http://dockerhost:11434
A4: Chat model | B4: llama3.2:latest
A5: Vision model | B5: llava
A6: Embedding model | B6: nomic-embed-text
A7: API key
A8: Sample JSON | B8: {"choices":[{"message":{"content":"hello"}}]}
A9: Tiny PNG Base64 | B9: iVBORw0KGgoAAAANSUhEUgAAAAEAAAABCAQAAAC1HAwCAAAAC0lEQVR42mP8/x8AAusB9Y9Z8xkAAAAASUVORK5CYII=
A12: Batch text inputs
A13: machine learning in spreadsheets
A14: semantic search over workbook notes
A15: cluster customer feedback
